{"cameraMode":{"drawMode":0,"name":"Shaded","section":"Shading Mode"},"sceneLighting":false,"audioPlay":false,"sceneViewState":{"m_AlwaysRefresh":false,"showFog":true,"showSkybox":false,"showFlares":true,"showImageEffects":true,"showParticleSystems":true,"showVisualEffectGraphs":true,"m_FxEnabled":true},"in2DMode":false,"pivot":{"x":16.892742156982423,"y":-2.742035388946533,"z":-17.08099937438965},"rotation":{"x":0.08390215784311295,"y":-0.00390368839725852,"z":0.0003347456222400069,"w":0.9964737296104431},"size":1.29531729221344,"orthographic":false}