{"cameraMode":{"drawMode":0,"name":"Shaded","section":"Shading Mode"},"sceneLighting":false,"audioPlay":false,"sceneViewState":{"m_AlwaysRefresh":false,"showFog":true,"showSkybox":false,"showFlares":true,"showImageEffects":true,"showParticleSystems":true,"showVisualEffectGraphs":true,"m_FxEnabled":true},"in2DMode":false,"pivot":{"x":-0.16924548149108888,"y":1.5461338758468629,"z":0.2183551788330078},"rotation":{"x":0.10194499790668488,"y":-0.17806702852249146,"z":0.01858414150774479,"w":0.9785736203193665},"size":1.3872954845428467,"orthographic":false}