{"cameraMode":{"drawMode":0,"name":"Shaded","section":"Shading Mode"},"sceneLighting":false,"audioPlay":false,"sceneViewState":{"m_AlwaysRefresh":false,"showFog":true,"showSkybox":false,"showFlares":true,"showImageEffects":true,"showParticleSystems":true,"showVisualEffectGraphs":true,"m_FxEnabled":true},"in2DMode":false,"pivot":{"x":-20.95602798461914,"y":4.863239288330078,"z":-1.0809996128082276},"rotation":{"x":0.0010652259225025774,"y":0.998908519744873,"z":-0.028477370738983156,"w":0.03719065710902214},"size":0.8660253882408142,"orthographic":false}