{"cameraMode":{"drawMode":0,"name":"Shaded","section":"Shading Mode"},"sceneLighting":false,"audioPlay":false,"sceneViewState":{"m_AlwaysRefresh":false,"showFog":true,"showSkybox":false,"showFlares":true,"showImageEffects":true,"showParticleSystems":true,"showVisualEffectGraphs":true,"m_FxEnabled":true},"in2DMode":false,"pivot":{"x":2.5238850116729738,"y":1.0499999523162842,"z":3.7848973274230959},"rotation":{"x":-0.2409193217754364,"y":-0.40368130803108218,"z":0.11106424033641815,"w":-0.8756017684936523},"size":1.1765011548995972,"orthographic":false}