{"cameraMode":{"drawMode":0,"name":"Shaded","section":"Shading Mode"},"sceneLighting":false,"audioPlay":false,"sceneViewState":{"m_AlwaysRefresh":false,"showFog":true,"showSkybox":true,"showFlares":true,"showImageEffects":true,"showParticleSystems":true,"showVisualEffectGraphs":true,"m_FxEnabled":true},"in2DMode":false,"pivot":{"x":192.90338134765626,"y":-120.17788696289063,"z":387.70684814453127},"rotation":{"x":-0.1532275229692459,"y":-0.11033351719379425,"z":0.017218537628650667,"w":-0.9818614721298218},"size":221.1858673095703,"orthographic":false}