{"cameraMode":{"drawMode":0,"name":"Shaded","section":"Shading Mode"},"sceneLighting":false,"audioPlay":false,"sceneViewState":{"m_AlwaysRefresh":false,"showFog":true,"showSkybox":false,"showFlares":true,"showImageEffects":true,"showParticleSystems":true,"showVisualEffectGraphs":true,"m_FxEnabled":true},"in2DMode":false,"pivot":{"x":0.9532886743545532,"y":0.27119338512420657,"z":0.15679097175598145},"rotation":{"x":0.1752794235944748,"y":-0.4475085735321045,"z":0.08995920419692993,"w":0.8723376393318176},"size":1.2348531484603882,"orthographic":false}