{"cameraMode":{"drawMode":0,"name":"Shaded","section":"Shading Mode"},"sceneLighting":false,"audioPlay":false,"sceneViewState":{"m_AlwaysRefresh":false,"showFog":true,"showSkybox":true,"showFlares":true,"showImageEffects":true,"showParticleSystems":true,"showVisualEffectGraphs":true,"m_FxEnabled":true},"in2DMode":false,"pivot":{"x":0.2017499953508377,"y":1.7517499923706055,"z":0.4267500042915344},"rotation":{"x":-0.24331438541412354,"y":-0.46612218022346499,"z":0.1350465565919876,"w":-0.8398207426071167},"size":0.811284065246582,"orthographic":false}